STATE,ST_CASE,VE_TOTAL,VE_FORMS,PVH_INVL,PEDS,PERNOTMVIT,PERMVIT,PERSONS,COUNTY,CITY,DAY,MONTH,YEAR,DAY_WEEK,HOUR,MINUTE,NHS,ROAD_FNC,ROUTE,TWAY_ID,TWAY_ID2,MILEPT,LATITUDE,LONGITUD,SP_JUR,HARM_EV,MAN_COLL,RELJCT1,RELJCT2,TYP_INT,WRK_ZONE,REL_ROAD,LGT_COND,WEATHER1,WEATHER2,WEATHER,SCH_BUS,RAIL,NOT_HOUR,NOT_MIN,ARR_HOUR,ARR_MIN,HOSP_HR,HOSP_MN,CF1,CF2,CF3,FATALS,DRUNK_DR
6,60638,1,1,0,1,1,1,1,37,810,20,4,2012,6,18,38,0,13,6,SANTA FE AVE,PINE STREET,0,33.91143611,-118.216675,0,9,0,0,3,2,0,1,1,1,0,1,0,0000000,99,99,99,99,99,99,0,0,0,1,0
6,60965,2,1,1,0,0,1,1,81,2140,20,4,2012,6,17,43,0,13,3,SR-82,,14,37.45821111,-122.1921778,0,14,0,0,1,1,0,2,1,1,0,1,0,0000000,99,99,99,99,99,99,0,0,0,1,0
6,61290,1,1,0,2,2,1,1,37,1980,20,4,2012,6,17,50,0,15,6,SANTA ANA BLVD,WATTS AVE,0,33.93341667,-118.2279139,0,8,0,0,3,3,0,1,1,1,0,1,0,0000000,99,99,99,99,99,99,0,0,0,1,0
6,61938,3,2,1,0,0,5,5,29,240,20,4,2012,6,20,29,0,14,6,FAIRFAX RD,,0,35.405925,-118.9310306,0,12,6,0,1,1,0,1,3,1,0,1,0,0000000,99,99,99,99,99,99,0,0,0,2,1
6,62351,1,1,0,1,1,1,1,67,0,20,4,2012,6,22,30,0,6,4,CR-DUDLEY BLVD,,0,38.64832778,-121.3978611,0,9,0,0,1,1,0,1,2,1,0,1,0,0000000,99,99,99,99,88,88,0,0,0,1,0
32,320080,1,1,0,0,0,7,7,3,0,20,4,2012,6,18,54,1,1,1,I-15 S,,1020,36.74618056,-114.4141167,0,1,0,0,1,1,0,1,1,1,0,1,0,0000000,19,5,19,25,20,40,0,0,0,1,0